﻿  <locations>
    <location>
      <id>nw</id>
      <poid>149901010</poid>
      <caption>Северо-Запад</caption>
      <sub>
        <location>
          <id>200001</id>
          <caption>Ленинградская область</caption>
        </location>
        <location>
          <id>200002</id>
          <caption>Вологодская область</caption>
        </location>
        <location>
          <id>200012</id>
          <parent>200002</parent>
          <caption>г. Череповец</caption>
        </location>
        <location>
          <id>200003</id>
          <caption>Архангельская область</caption>
        </location>
        <location>
          <id>200025</id>
          <parent>200003</parent>
          <caption>г. Котлас</caption>
        </location>
        <location>
          <id>200024</id>
          <parent>200003</parent>
          <caption>г. Нарьян-Мар</caption>
        </location>
        <location>
          <id>200026</id>
          <parent>200003</parent>
          <caption>г. Северодвинск</caption>
        </location>
        <location>
          <id>200006</id>
          <caption>Калининградская область</caption>
        </location>
        <location>
          <id>200008</id>
          <caption>Республика Карелия</caption>
        </location>
        <location>
          <id>200009</id>
          <caption>Республика Коми</caption>
        </location>
        <location>
          <id>200018</id>
          <parent>200009</parent>
          <caption>г. Воркута</caption>
        </location>
        <location>
          <id>200019</id>
          <parent>200009</parent>
          <caption>г. Ухта</caption>
        </location>
        <location>
          <id>200007</id>
          <caption>Новгородская область</caption>
        </location>
        <location>
          <id>200004</id>
          <caption>Мурманская область</caption>
        </location>
        <location>
          <id>200005</id>
          <caption>Псковская область</caption>
        </location>
      </sub>
    </location>
    <location>
      <id>mos</id>
      <poid>128268832</poid>
      <caption>Москва</caption>
      <sub>
        <location>
          <id>700001</id>
          <caption>г. Москва</caption>
        </location>
      </sub>
    </location>
    <location>
      <id>ct</id>
      <poid>199152264</poid>
      <caption>Центр</caption>
      <sub>
        <location>
          <id>100001</id>
          <caption>Московская область</caption>
        </location>
        <location>
          <id>100002</id>
          <caption>Белгородская область</caption>
        </location>
        <location>
          <id>91000021</id>
          <parent>100002</parent>
          <caption>г. Белгород</caption>
        </location>
        <location>
          <id>100009</id>
          <caption>Брянская область</caption>
        </location>
        <location>
          <id>91000091</id>
          <parent>100009</parent>
          <caption>г. Брянск</caption>
        </location>
        <location>
          <id>100003</id>
          <caption>Владимирская область</caption>
        </location>
        <location>
          <id>91000031</id>
          <parent>100003</parent>
          <caption>г. Владимир</caption>
        </location>
        <location>
          <id>100004</id>
          <caption>Воронежская область</caption>
        </location>
        <location>
          <id>91000041</id>
          <parent>100004</parent>
          <caption>г. Воронеж</caption>
        </location>
        <location>
          <id>100010</id>
          <caption>Ивановская область</caption>
        </location>
        <location>
          <id>100011</id>
          <caption>Калужская область</caption>
        </location>
        <location>
          <id>91000112</id>
          <parent>100011</parent>
          <caption>г. Обнинск</caption>
        </location>
        <location>
          <id>100012</id>
          <caption>Костромская область</caption>
        </location>
        <location>
          <id>100013</id>
          <caption>Курская область</caption>
        </location>
        <location>
          <id>91000131</id>
          <parent>100013</parent>
          <caption>г. Курск</caption>
        </location>
        <location>
          <id>100014</id>
          <caption>Липецкая область</caption>
        </location>
        <location>
          <id>100015</id>
          <caption>Орловская область</caption>
        </location>
        <location>
          <id>91000151</id>
          <parent>100015</parent>
          <caption>г. Орел</caption>
        </location>
        <location>
          <id>100016</id>
          <caption>Рязанская область</caption>
        </location>
        <location>
          <id>100017</id>
          <caption>Смоленская область</caption>
        </location>
        <location>
          <id>100005</id>
          <caption>Тамбовская область</caption>
        </location>
        <location>
          <id>100006</id>
          <caption>Тверская область</caption>
        </location>
        <location>
          <id>91000061</id>
          <parent>100006</parent>
          <caption>г. Тверь</caption>
        </location>
        <location>
          <id>100007</id>
          <caption>Тульская область</caption>
        </location>
        <location>
          <id>100008</id>
          <caption>Ярославская область</caption>
        </location>
        <location>
          <id>91000082</id>
          <parent>100008</parent>
          <caption>г. Рыбинск</caption>
        </location>
      </sub>
    </location>
    <location>
      <id>sth</id>
      <poid>162951810</poid>
      <caption>Юг</caption>
      <sub>
        <location>
          <id>400001</id>
          <caption>Краснодарский край</caption>
        </location>
        <location>
          <id>400019</id>
          <parent>400001</parent>
          <caption>г. Абинск</caption>
        </location>
        <location>
          <id>400024</id>
          <parent>400001</parent>
          <caption>г. Армавир</caption>
        </location>
        <location>
          <id>400025</id>
          <parent>400001</parent>
          <caption>г. Горячий ключ</caption>
        </location>
        <location>
          <id>400031</id>
          <parent>400001</parent>
          <caption>г. Краснодар</caption>
        </location>
        <location>
          <id>400018</id>
          <parent>400001</parent>
          <caption>г. Крымск</caption>
        </location>
        <location>
          <id>400028</id>
          <parent>400001</parent>
          <caption>г. Новороссийск</caption>
        </location>
        <location>
          <id>400015</id>
          <parent>400001</parent>
          <caption>г. Сочи</caption>
        </location>
        <location>
          <id>400002</id>
          <caption>Республика Адыгея</caption>
        </location>
        <location>
          <id>400003</id>
          <caption>Астраханская область</caption>
        </location>
        <location>
          <id>400004</id>
          <caption>Волгоградская область</caption>
        </location>
        <location>
          <id>400020</id>
          <parent>400004</parent>
          <caption>г. Михайловка</caption>
        </location>
        <location>
          <id>400011</id>
          <caption>Республика Дагестан</caption>
        </location>
        <location>
          <id>400005</id>
          <caption>Республика Кабардино-Балкария</caption>
        </location>
        <location>
          <id>400006</id>
          <caption>Республика Калмыкия</caption>
        </location>
        <location>
          <id>400007</id>
          <caption>Республика Карачаево-Черкесия</caption>
        </location>
        <location>
          <id>400008</id>
          <caption>Ростовская область</caption>
        </location>
        <location>
          <id>400026</id>
          <parent>400008</parent>
          <caption>г. Волгодонск</caption>
        </location>
        <location>
          <id>400022</id>
          <parent>400008</parent>
          <caption>г. Донецк</caption>
        </location>
        <location>
          <id>400017</id>
          <parent>400008</parent>
          <caption>г. Новочеркасск</caption>
        </location>
        <location>
          <id>400036</id>
          <parent>400008</parent>
          <caption>г. Ростов-на-Дону</caption>
        </location>
        <location>
          <id>400009</id>
          <caption>Республика Северная Осетия</caption>
        </location>
        <location>
          <id>400010</id>
          <caption>Ставропольский край</caption>
        </location>
        <location>
          <id>400021</id>
          <parent>400010</parent>
          <caption>г. Минеральные Воды</caption>
        </location>
      </sub>
    </location>
    <location>
      <id>vlg</id>
      <poid>135769284</poid>
      <caption>Волга</caption>
      <sub>
        <location>
          <id>300001</id>
          <caption>Нижегородская область</caption>
        </location>
        <location>
          <id>300002</id>
          <caption>Кировская область</caption>
        </location>
        <location>
          <id>300003</id>
          <caption>Республика Марий Эл</caption>
        </location>
        <location>
          <id>300004</id>
          <caption>Республика Мордовия</caption>
        </location>
        <location>
          <id>300005</id>
          <caption>Оренбургская область</caption>
        </location>
        <location>
          <id>300006</id>
          <caption>Пензенская область</caption>
        </location>
        <location>
          <id>300007</id>
          <caption>Самарская область</caption>
        </location>
        <location>
          <id>300008</id>
          <caption>Саратовская область</caption>
        </location>
        <location>
          <id>300012</id>
          <caption>Республика Татарстан</caption>
        </location>
        <location>
          <id>300010</id>
          <caption>Ульяновская область</caption>
        </location>
        <location>
          <id>300009</id>
          <caption>Республика Удмуртия</caption>
        </location>
        <location>
          <id>300011</id>
          <caption>Республика Чувашия</caption>
        </location>
      </sub>
    </location>
    <location>
      <id>ural</id>
      <poid>308155819</poid>
      <caption>Урал</caption>
      <sub>
        <location>
          <id>1000187</id>
          <caption>Свердловская область</caption>
        </location>
        <location>
          <id>67662327</id>
          <parent>1000187</parent>
          <caption>г. Екатеринбург</caption>
        </location>
        <location>
          <id>67662323</id>
          <parent>1000187</parent>
          <caption>г. Нижний Тагил</caption>
        </location>
        <location>
          <id>67662219</id>
          <parent>1000187</parent>
          <caption>г. Серов</caption>
        </location>
        <location>
          <id>1000186</id>
          <caption>Курганская область</caption>
        </location>
        <location>
          <id>67662582</id>
          <parent>1000186</parent>
          <caption>г. Курган</caption>
        </location>
        <location>
          <id>1000185</id>
          <caption>Пермский край</caption>
        </location>
        <location>
          <id>67662574</id>
          <parent>1000185</parent>
          <caption>г. Березники</caption>
        </location>
        <location>
          <id>67662561</id>
          <parent>1000185</parent>
          <caption>г. Пермь</caption>
        </location>	
        <location>
          <id>1000184</id>
          <caption>Тюменская область</caption>
        </location>
        <location>
          <id>67662621</id>
          <parent>1000184</parent>
          <caption>г. Тобольск</caption>
        </location>
        <location>
          <id>67747757</id>
          <parent>1000184</parent>
          <caption>г. Тюмень</caption>
        </location>
        <location>
          <id>1000182</id>
          <caption>Ханты-Мансийский АО</caption>
        </location>
        <location>
          <id>67667143</id>
          <parent>1000182</parent>
          <caption>г. Нижневартовск</caption>
        </location>
        <location>
          <id>67667142</id>
          <parent>1000182</parent>
          <caption>г. Сургут</caption>
        </location>
        <location>
          <id>67667041</id>
          <parent>1000182</parent>
          <caption>г. Ханты-Мансийск</caption>
        </location>
        <location>
          <id>1000183</id>
          <caption>Челябинская область</caption>
        </location>
        <location>
          <id>67665774</id>
          <parent>1000183</parent>
          <caption>г. Златоуст</caption>
        </location>
        <location>
          <id>67665369</id>
          <parent>1000183</parent>
          <caption>г. Магнитогорск</caption>
        </location>	
        <location>
          <id>67665633</id>
          <parent>1000183</parent>
          <caption>г. Миасс</caption>
        </location>	
        <location>
          <id>67665366</id>
          <parent>1000183</parent>
          <caption>г. Челябинск</caption>
        </location>	
        <location>
          <id>1000181</id>
          <caption>Ямало-Ненеций АО</caption>
        </location>
        <location>
          <id>67667160</id>
          <parent>1000181</parent>
          <caption>г. Ноябрьск</caption>
        </location>	
      </sub>
    </location>
    <location>
      <id>sib</id>
      <poid>102494953</poid>
      <caption>Сибирь</caption>
      <sub>
        <location>
          <id>600001</id>
          <caption>Новосибирская область</caption>
        </location>
        <location>
          <id>600002</id>
          <caption>Алтайский край</caption>
        </location>
        <location>
          <id>600003</id>
          <caption>Республика Алтай</caption>
        </location>
        <location>
          <id>600008</id>
          <caption>Республика Бурятия</caption>
        </location>
        <location>
          <id>600004</id>
          <caption>Иркутская область</caption>
        </location>
        <location>
          <id>600005</id>
          <caption>Кемеровская область</caption>
        </location>
        <location>
          <id>600006</id>
          <caption>Красноярский край</caption>
        </location>
        <location>
          <id>600063</id>
          <parent>600006</parent>
          <caption>г. Железногорск</caption>
        </location>
        <location>
          <id>600007</id>
          <caption>Омская область</caption>
        </location>
        <location>
          <id>600022</id>
          <parent>600007</parent>
          <caption>г. Омск</caption>
        </location>
        <location>
          <id>600010</id>
          <caption>Томская область</caption>
        </location>
        <location>
          <id>600092</id>
          <parent>600010</parent>
          <caption>г. Томск</caption>
        </location>
        <location>
          <id>600009</id>
          <caption>Республика Хакасия</caption>
        </location>
        <location>
          <id>600011</id>
          <caption>Читинская область</caption>
        </location>
      </sub>
    </location>
    <location>
      <id>dv</id>
      <poid>385806942</poid>
      <caption>Дальний Восток</caption>
      <sub>
        <location>
          <id>2242710</id>
          <caption>Приморский край</caption>
        </location>
        <location>
          <id>38</id>
          <parent>2242710</parent>
          <caption>г. Арсентьев</caption>
        </location>
        <location>
          <id>43</id>
          <parent>2242710</parent>
          <caption>г. Владивосток</caption>
        </location>
        <location>
          <id>47</id>
          <parent>2242710</parent>
          <caption>г. Дальнереченск</caption>
        </location>
        <location>
          <id>53</id>
          <parent>2242710</parent>
          <caption>г. Находка</caption>
        </location>
        <location>
          <id>61</id>
          <parent>2242710</parent>
          <caption>г. Уссурийск</caption>
        </location>
        <location>
          <id>145453</id>
          <caption>Амурская область</caption>
        </location>
        <location>
          <id>31</id>
          <parent>145453</parent>
          <caption>г. Благовещенск</caption>
        </location>
        <location>
          <id>3016889</id>
          <caption>Еврейский АО</caption>
        </location>
        <location>
          <id>422985</id>
          <caption>Камчатский край</caption>
        </location>
        <location>
          <id>67</id>
          <parent>422985</parent>
          <caption>г. Петропавловск-Камчатский</caption>
        </location>
        <location>
          <id>422986</id>
          <caption>Магаданская область</caption>
        </location>
        <location>
          <id>133</id>
          <parent>422986</parent>
          <caption>г. Магадан</caption>
        </location>
        <location>
          <id>145458</id>
          <caption>Сахалинская область</caption>
        </location>
        <location>
          <id>123</id>
          <parent>145458</parent>
          <caption>г. Сахалин</caption>
        </location>
        <location>
          <id>122</id>
          <parent>145458</parent>
          <caption>г. Южно-Сахалинск</caption>
        </location>
        <location>
          <id>422677</id>
          <caption>Хабаровский край</caption>
        </location>
        <location>
          <id>82</id>
          <parent>422677</parent>
          <caption>г. Комсомольск-на-Амуре</caption>
        </location>
        <location>
          <id>92</id>
          <parent>422677</parent>
          <caption>г. Хабаровск</caption>
        </location>
        <location>
          <id>275291120</id>
          <caption>Республика Саха</caption>
        </location>
        <location>
          <id>129478022</id>
          <parent>275291120</parent>
          <caption>г. Ленск</caption>
        </location>
        <location>
          <id>19558288</id>
          <parent>275291120</parent>
          <caption>г. Мирный</caption>
        </location>
        <location>
          <id>104</id>
          <parent>275291120</parent>
          <caption>г. Якутск</caption>
        </location>
      </sub>
    </location>
  </locations>